Answers for the world queries go here:

For example:

1. What are the names of all the cities in the Netherlands?

SELECT city.Name FROM city JOIN country ON city.CountryCode = country.Code WHERE country.Name = 'Netherlands';
+-------------------+
| Name              |
+-------------------+
| Amsterdam         |
| Rotterdam         |
| Haag              |
| Utrecht           |
| Eindhoven         |
| Tilburg           |
| Groningen         |
| Breda             |
| Apeldoorn         |
| Nijmegen          |
| Enschede          |
| Haarlem           |
| Almere            |
| Arnhem            |
| Zaanstad          |
| ´s-Hertogenbosch  |
| Amersfoort        |
| Maastricht        |
| Dordrecht         |
| Leiden            |
| Haarlemmermeer    |
| Zoetermeer        |
| Emmen             |
| Zwolle            |
| Ede               |
| Delft             |
| Heerlen           |
| Alkmaar           |
+-------------------+
28 rows in set (0.00 sec)



2.What is the population of Rotterdam ?

SELECT name,population FROM city WHERE name='Rotterdam';
+-----------+------------+
| name      | population |
+-----------+------------+
| Rotterdam |     593321 |
+-----------+------------+
1 row in set (0.02 sec)




3.What's the name of all the countries on the continent ‘North America’ ?

 SELECT name from country WHERE continent='North America';
+----------------------------------+
| name                             |
+----------------------------------+
| Aruba                            |
| Anguilla                         |
| Netherlands Antilles             |
| Antigua and Barbuda              |
| Bahamas                          |
| Belize                           |
| Bermuda                          |
| Barbados                         |
| Canada                           |
| Costa Rica                       |
| Cuba                             |
| Cayman Islands                   |
| Dominica                         |
| Dominican Republic               |
| Guadeloupe                       |
| Grenada                          |
| Greenland                        |
| Guatemala                        |
| Honduras                         |
| Haiti                            |
| Jamaica                          |
| Saint Kitts and Nevis            |
| Saint Lucia                      |
| Mexico                           |
| Montserrat                       |
| Martinique                       |
| Nicaragua                        |
| Panama                           |
| Puerto Rico                      |
| El Salvador                      |
| Saint Pierre and Miquelon        |
| Turks and Caicos Islands         |
| Trinidad and Tobago              |
| United States                    |
| Saint Vincent and the Grenadines |
| Virgin Islands, British          |
| Virgin Islands, U.S.             |
+----------------------------------+
37 rows in set (0.00 sec)



4.What's the top 10 countries by SurfaceArea ?

 SELECT name,SurfaceArea FROM country ORDER BY SurfaceArea DESC LIMIT 10;
+--------------------+-------------+
| name               | SurfaceArea |
+--------------------+-------------+
| Russian Federation | 17075400.00 |
| Antarctica         | 13120000.00 |
| Canada             |  9970610.00 |
| China              |  9572900.00 |
| United States      |  9363520.00 |
| Brazil             |  8547403.00 |
| Australia          |  7741220.00 |
| India              |  3287263.00 |
| Argentina          |  2780400.00 |
| Kazakstan          |  2724900.00 |
+--------------------+-------------+
10 rows in set (0.00 sec)



5.What's the top 10 most populated cities?


mysql> SELECT Name, Population FROM city ORDER BY Population DESC LIMIT 10 ;
+-------------------+------------+
| Name              | Population |
+-------------------+------------+
| Mumbai (Bombay)   |   10500000 |
| Seoul             |    9981619 |
| SÃ£o Paulo        |    9968485 |
| Shanghai          |    9696300 |
| Jakarta           |    9604900 |
| Karachi           |    9269265 |
| Istanbul          |    8787958 |
| Ciudad de MÃ©xico |    8591309 |
| Moscow            |    8389200 |
| New York          |    8008278 |
+-------------------+------------+
10 rows in set (0.00 sec)



6.Select the top 3 countries by population that their names start with the letter ‘P’


 SELECT Name, Population FROM city WHERE Name Like "P%" ORDER BY Population DESC LIMIT 3;
+-----------+------------+
| Name      | Population |
+-----------+------------+
| Peking    |    7472000 |
| Pusan     |    3804522 |
| Pyongyang |    2484000 |
+-----------+------------+
3 rows in set (0.00 sec)


7.What is the population in Asia?

SELECT Continent, Population FROM country WHERE Continent = "Asia" GROUP BY Continent;
+-----------+------------+
| Continent | Population |
+-----------+------------+
| Asia      |   22720000 |
+-----------+------------+
1 row in set (0.00 sec)


8.Which languages are spoken in the Region of ‘South America’

 SELECT country.Name, countrylanguage.Language FROM country JOIN countrylanguage ON country.Code = countrylanguage.CountryCodeWHERE country.Region = 'South America';
+------------------+------------------+
| Name             | Language         |
+------------------+------------------+
| Argentina        | Indian Languages |
| Argentina        | Italian          |
| Argentina        | Spanish          |
| Bolivia          | AimarÃ¡          |
| Bolivia          | GuaranÃ­         |
| Bolivia          | KetÂ?ua          |
| Bolivia          | Spanish          |
| Brazil           | German           |
| Brazil           | Indian Languages |
| Brazil           | Italian          |
| Brazil           | Japanese         |
| Brazil           | Portuguese       |
| Chile            | AimarÃ¡          |
| Chile            | Araucan          |
| Chile            | Rapa nui         |
| Chile            | Spanish          |
| Colombia         | Arawakan         |
| Colombia         | Caribbean        |
| Colombia         | Chibcha          |
| Colombia         | Creole English   |
| Colombia         | Spanish          |
| Ecuador          | KetÂ?ua          |
| Ecuador          | Spanish          |
| Falkland Islands | English          |
| French Guiana    | Creole French    |
| French Guiana    | Indian Languages |
| Guyana           | Arawakan         |
| Guyana           | Caribbean        |
| Guyana           | Creole English   |
| Peru             | AimarÃ¡          |
| Peru             | KetÂ?ua          |
| Peru             | Spanish          |
| Paraguay         | German           |
| Paraguay         | GuaranÃ­         |
| Paraguay         | Portuguese       |
| Paraguay         | Spanish          |
| Suriname         | Hindi            |
| Suriname         | Sranantonga      |
| Uruguay          | Spanish          |
| Venezuela        | Goajiro          |
| Venezuela        | Spanish          |
| Venezuela        | Warrau           |
+------------------+------------------+
42 rows in set (0.00 sec)

9.What are the languages spoken on all cities named ‘Barcelona’


 SELECT city.Name, countrylanguage.Language FROM city
    -> JOIN country ON city.CountryCode = country.Code
    -> JOIN countrylanguage ON countrylanguage.CountryCode = country.Code
    -> WHERE city.Name = 'Barcelona';
+-----------+----------+
| Name      | Language |
+-----------+----------+
| Barcelona | Basque   |
| Barcelona | Catalan  |
| Barcelona | Galecian |
| Barcelona | Spanish  |
| Barcelona | Goajiro  |
| Barcelona | Spanish  |
| Barcelona | Warrau   |
+-----------+----------+
7 rows in set (0.00 sec)






